run_id,trend_slope,cycle_amplitude,cycle_period_hours,hourly_amp,daily_amp,weekly_amp,monthly_amp,ar_coef,noise_std,spike_prob,spike_magnitude
run_1,0.0004370861069626262,14.50714306409916,65567.85460347372,2.197316968394073,2.4680559213273097,3.467983561008608,4.232334448672798,0.6464704583099741,1.4016725176148133,0.002,12.080725777960454
run_2,0.0001453580148190436,9.803415762222269,51557.2586352844,1.86643727035569,4.249752266215158,4.376438784724303,4.653804435923708,0.40077014814265693,1.0513093829782736,0.002,5.695611834864147
run_3,0.00016605969232160405,8.297865646118114,56436.073877759685,2.199266660655147,4.9276867035293375,3.5092903203226773,5.316603858995249,0.5348409976858122,0.7571312829793957,0.002,12.107096622587191
run_4,0.0005199530530856028,9.802259775845243,65568.88825762812,2.98424326166975,2.135942891749156,3.6905643658603484,4.840830547412402,0.6331424720350604,1.1295857759889838,0.002,10.25132267121614
run_5,0.00035105368155464203,11.210817126934046,54252.91050447681,1.3193378588603708,2.330887106206715,3.8593861304529504,5.892875335199911,0.34626353691928924,1.5136872103268004,0.002,13.70238452430785
